date,group name,rank
2025-04-09,Lena Coxx,112
2025-04-09,Millie Morgan,7
2025-04-09,Lola Bredly,145
2025-04-09,Full Movies,40
2025-04-09,PARADISEHILL.cc CHAT 18+,268
2025-04-09,Kira Queen,10
2025-04-09,REBECCA VOLPETTI,29
2025-04-09,Laney Grey,24
2025-04-09,Nicole Emma Vaunt,75
2025-04-09,Betzz,37
2025-04-09,Angela White,53
2025-04-09,Olive Glass,31
2025-04-09,Melissa sexy hippies,84
2025-04-09,Jessica Ryan,12
2025-04-09,Ava Moore,125
2025-04-09,Keisha Grey,166
2025-04-09,Nephael,70
2025-04-09,Serenity Cox,34
2025-04-09,Eva Lovia,2
2025-04-09,Britney Amber,48
2025-04-09,Laure Zecchi,44
2025-04-09,Anita Rover,33
2025-04-09,Emma Ruby,104
2025-04-09,annaplusone,150
2025-04-09,Lady Lyne,16
2025-04-09,Stacy Cruz,26
2025-04-09,Sandy Cheeks,127
2025-04-09,Sata Jones,102
2025-04-09,Amirah Adara,57
2025-04-09,CHARLIE FORDE,52
2025-04-09,Chanel Camryn,3
2025-04-09,Aidra Fox,5
2025-04-09,Angel YoungðŸ’‹,73
2025-04-09,Liz Jordan,149
2025-04-09,Octavia Red,17
2025-04-09,Valentina Nappi,111
2025-04-09,Penny Barber,43
2025-04-09,Annie King,47
2025-04-09,Ella Hughes,23
2025-04-09,Jia Lissa,6
2025-04-09,Jade Valentine,197
2025-04-09,Antonia Sainz,11
2025-04-09,Amelia Ost,94
2025-04-09,Jadilica - Leo Ahsoka,58
2025-04-09,Cadence Lux,19
2025-04-09,Alex Coal,1
2025-04-09,Savvy Suxx,86
2025-04-09,Alexis Crystal,13
2025-04-09,Katie Kush,36
2025-04-09,River Lynn,198
2025-04-09,Eva Ray,194
2025-04-09,Riley Reid,82
2025-04-09,Vintage,15
2025-04-09,Angelika Grays,151
2025-04-09,Lilith - Berta Lusty,60
2025-04-09,Crystal Clark,27
2025-04-09,HD,266
2025-04-09,Vixi Rafi,148
2025-04-09,Aurelly Rebel,257
2025-04-09,Aubree Valentine,21
2025-04-09,Alrox,196
2025-04-09,Milan Cheek,103
2025-04-09,Cherie Deville,63
2025-04-09,Dolly Dyson,50
2025-04-09,Gal Ritchie,74
2025-04-09,Zlata Shine,193
2025-04-09,PE,267
2025-04-09,Little Caprice,22
2025-04-09,Sloan Harper,81
2025-04-09,Ophelia Kaan,90
2025-04-09,Josephine Jackson,18
2025-04-09,Agatha Vega,83
2025-04-09,Freya Parker,67
2025-04-09,Nikita Bellucci,54
2025-04-09,Sybil A,14
2025-04-09,Hailey Rose,65
2025-04-09,Julia Roca,105
2025-04-09,Calita Fire,107
2025-04-09,Naomi Wildman,270
2025-04-09,zoebytheriver,269
2025-04-09,Joanna Angel,202
2025-04-09,Cherry Kiss,35
2025-04-09,Isabella Rose,153
2025-04-09,Victoria Brennan,155
2025-04-09,Leya Desantis,115
2025-04-09,Vanna Bardot,93
2025-04-09,Lilly Bella,152
2025-04-09,Olivia Sparkle,95
2025-04-09,Stella Luxx,154
2025-04-09,Ivy Ireland,201
2025-04-09,Rose Carter,203
2025-04-09,EMILY THORNE,38
2025-04-09,Eden Moore,88
2025-04-09,Chanel Preston,116
2025-04-09,Lullabyebye,91
2025-04-09,Gypsy Rose,156
2025-04-09,Juju la bretonne,271
2025-04-09,Sydney Paige,205
2025-04-09,Ivi Rein,204
2025-04-09,Eve Sweet,77
2025-04-09,Katrina Colt,4
2025-04-09,Kinuski,108
2025-04-09,Jessie and Jackson,274
2025-04-09,Kenzie Love,46
2025-04-09,Ava Austen,276
2025-04-09,Theodora Day,87
2025-04-09,Anya Olsen,20
2025-04-09,Lena Paul,45
2025-04-09,Melody Mae,117
2025-04-09,Dani Daniels,51
2025-04-09,Talia Mint,210
2025-04-09,Paige Owens,64
2025-04-09,Serena Sterling,207
2025-04-09,Jeniffer Flex,120
2025-04-09,Blake Blossom,109
2025-04-09,Kristina Grace,206
2025-04-09,Daruma Rai,130
2025-04-09,Lexi Luna,42
2025-04-09,Nikki Zee,212
2025-04-09,Kaira Love,208
2025-04-09,Whitney Wright,114
2025-04-09,Abigail Mac,8
2025-04-09,Mary Rock,157
2025-04-09,Aaliyah Love,89
2025-04-09,Katy Rose,119
2025-04-09,Jesse Pony,213
2025-04-09,Leanne Lace,158
2025-04-09,Adriana Chechik,25
2025-04-09,India Summer,192
2025-04-09,Maddy Nelson,265
2025-04-09,Ana B,85
2025-04-09,Helena Valle,39
2025-04-09,Alice Flore,211
2025-04-09,Sophia Veller,306
2025-04-09,Tori Black,9
2025-04-09,Mira Wair,279
2025-04-09,morgpie,278
2025-04-09,Clemence Audiard,159
2025-04-09,Chloe Duval,92
2025-04-09,Tiffany Leiddi,62
2025-04-09,Jane Wilde,133
2025-04-09,Alexa Tomas,97
2025-04-09,Casey Nohrman,160
2025-04-09,Molly Quinn,132
2025-04-09,Emma Klein,68
2025-04-09,Public,280
2025-04-09,TUSHY,281
2025-04-09,Whitney OC,131
2025-04-09,Anissa Kate,129
2025-04-09,Mila Pie,161
2025-04-09,Andi Rose,55
2025-04-09,JULIALEXXX,99
2025-04-09,Casey Calvert,49
2025-04-09,Spencer Bradley,106
2025-04-09,Molly Little,80
2025-04-09,Eden Ivy,98
2025-04-09,Nesty,121
2025-04-09,Stella Sedona,215
2025-04-09,Sandrillon,216
2025-04-09,Rebel Rhyder,273
2025-04-09,Alice Drake,162
2025-04-09,ðŸ—‚INDEX,163
2025-04-09,Sarah Vandella,41
2025-04-09,Melena Maria Rya,217
2025-04-09,Lily Lou,96
2025-04-09,Stacy Bloom,275
2025-04-09,Lily Love,283
2025-04-09,Addison Lee,69
2025-04-09,Slimthick Vic,118
2025-04-09,Thea Lun,164
2025-04-09,KENDRA SUNDERLAND,134
2025-04-09,Charlotte Stokely,78
2025-04-09,Reagan Foxx,165
2025-04-09,Kendra Lust,128
2025-04-09,Cassidy Klein,32
2025-04-09,LIZ RAINBOW,135
2025-04-09,Silvia Soprano,219
2025-04-09,Sammyyy Stonerrr,277
2025-04-09,Miriam Sinn,220
2025-04-09,Alice Klay,167
2025-04-09,Melissa Stratton,221
2025-04-09,Kimberly Kane,168
2025-04-09,Jeny Smith,76
2025-04-09,Mya Lorenn,286
2025-04-09,Cory Chase,71
2025-04-09,Sara Heat,223
2025-04-09,Zuzu Sweet,222
2025-04-09,Sara Latina,225
2025-04-09,Eva Berger,136
2025-04-09,Fiona Frost,214
2025-04-09,Jenna Sativa,137
2025-04-09,Bobbi Starr,169
2025-04-09,Brett Rossi,28
2025-04-09,Layla Scarlet,61
2025-04-09,LaSirena69,123
2025-04-09,Mia Malkova,59
2025-04-09,Dee Vine,170
2025-04-09,Lexi Dona,56
2025-04-09,Nadia Foxx,287
2025-04-09,Lily LaBeau,30
2025-04-09,Samantha Bentley,172
2025-04-09,Madison Moores,290
2025-04-09,Georgia Jones,282
2025-04-09,Laura Bentley,228
2025-04-09,JILL KASSIDY,122
2025-04-09,Candee Licious,171
2025-04-09,Remy LaCroix,234
2025-04-09,Dharma Jones,231
2025-04-09,Venus Valencia,174
2025-04-09,Marie Berger,72
2025-04-09,Alexa Grace,173
2025-04-09,Nickey Huntsman,110
2025-04-09,Conny Carter,175
2025-04-09,Sophia Burns,235
2025-04-09,Bella Rolland,124
2025-04-09,Jillian Janson,284
2025-04-09,Sumiko,138
2025-04-09,cristina plaza aa,299
2025-04-09,Pristine Edge,209
2025-04-09,Kitty Lovedream,233
2025-04-09,Cherry Candle,218
2025-04-09,Kayden Kross,140
2025-04-09,Julia Morozzi,236
2025-04-09,Isabella D,237
2025-04-09,Anny Swix,176
2025-04-09,maitland ward,79
2025-04-09,Ovidie,177
2025-04-09,Renee Rose,238
2025-04-09,Anna De Ville,285
2025-04-09,Chloe Heart,307
2025-04-09,Hazel Moore,242
2025-04-09,Chrissy,246
2025-04-09,Veronica Sanchez,141
2025-04-09,Eva Cela,301
2025-04-09,Valeria Borghese,245
2025-04-09,Alexis Deen,178
2025-04-09,Freya von Doom,239
2025-04-09,Merida Sat,288
2025-04-09,Stoya,126
2025-04-09,Paulina Soul,180
2025-04-09,Jade Nile,181
2025-04-09,Anna Claire Clouds,243
2025-04-09,Lottie Magne,142
2025-04-09,KRISSY LYNN,227
2025-04-09,Chloe Temple,289
2025-04-09,Lulu Love,247
2025-04-09,Graycee Baybee,229
2025-04-09,Sharon White,143
2025-04-09,Ambra Dolce,187
2025-04-09,Lucky Bee,244
2025-04-09,Krystal Sparks,184
2025-04-09,Ally Breelsen,182
2025-04-09,Riley Jacobs,298
2025-04-09,April Olsen,232
2025-04-09,Dolly Diore,183
2025-04-09,Bree Daniels,189
2025-04-09,Stella Cox,230
2025-04-09,Blue Wave,251
2025-04-09,Andrea Lapiedra,191
2025-04-09,Lindsay Lee,291
2025-04-09,Kallie Taylor,296
2025-04-09,Renata Foxx,297
2025-04-09,Valkiria Lapiedra,293
2025-04-09,Nika A,292
2025-04-09,Nina Nix,250
2025-04-09,Juilie Robbie,294
2025-04-09,Catherine Knight,295
2025-04-09,Violet Joly,241
2025-04-09,Alana Cruise,303
2025-04-09,Aften Opal,186
2025-04-09,Gracie Gates,185
2025-04-09,Stella Bliss,254
2025-04-09,Charlie Red,100
2025-04-09,Barbie Feels,139
2025-04-09,Evelyn Claire,190
2025-04-09,Claudia Bavel,252
2025-04-09,Rayveness,253
2025-04-09,Alecia Fox,188
2025-04-09,Alina Lopez,113
2025-04-09,Veronica Weston,101
2025-04-09,Christy Love,255
2025-04-09,Alika Alba,249
2025-04-09,SAHARA SKYE,248
2025-04-09,RAVEN LANE,256
2025-04-09,Layla London,179
2025-04-09,Clea Gaultier,226
2025-04-09,Mina Kali,259
2025-04-09,Cindy Shine,300
2025-04-09,Lindsey Lakes,258
2025-04-09,Lindsey Lakes,264
2025-04-09,Carter Cruise,146
2025-04-09,Cassie Del Isla,144
2025-04-09,Helena Price,240
2025-04-09,Mia melano,66
2025-04-09,Alice Nice,147
2025-04-09,Eliza Ibarra,261
2025-04-09,Serina Gomez,260
2025-04-09,Lisa Belys,195
2025-04-09,Keira Love,302
2025-04-09,Cherry X,262
2025-04-09,Sara Rich,200
2025-04-09,Elsa Violet,263
2025-04-09,Emily Willis,199
2025-04-09,Siri Dahl,224
2025-04-09,Penny Flame,272
2025-04-09,Alice adorable,304
2025-04-09,Lauren Phillips,305
2025-04-09,Alex Coal,1
2025-04-09,Eva Lovia,2
2025-04-09,Katrina Colt,3
2025-04-09,Chanel Camryn,4
2025-04-09,Aidra Fox,5
2025-04-09,Abigail Mac,6
2025-04-09,Jia Lissa,7
2025-04-09,Millie Morgan,8
2025-04-09,Tori Black,9
2025-04-09,Kira Queen,10
2025-04-09,Antonia Sainz,11
2025-04-09,Jessica Ryan,12
2025-04-09,Alexis Crystal,13
2025-04-09,Sybil A,14
2025-04-09,Vintage,15
2025-04-09,Octavia Red,16
2025-04-09,Josephine Jackson,17
2025-04-09,Cadence Lux,18
2025-04-09,Lady Lyne,19
2025-04-09,Anya Olsen,20
2025-04-09,Aubree Valentine,21
2025-04-09,Little Caprice,22
2025-04-09,Ella Hughes,23
2025-04-09,Adriana Chechik,24
2025-04-09,Crystal Clark,25
2025-04-09,Laney Grey,26
2025-04-09,Brett Rossi,27
2025-04-09,Stacy Cruz,28
2025-04-09,Lily LaBeau,29
2025-04-09,Cassidy Klein,30
2025-04-09,Olive Glass,31
2025-04-09,Cherry Kiss,32
2025-04-09,Katie Kush,33
2025-04-09,REBECCA VOLPETTI,34
2025-04-09,Anita Rover,35
2025-04-09,Betzz,36
2025-04-09,EMILY THORNE,37
2025-04-09,Helena Valle,38
2025-04-09,Sarah Vandella,39
2025-04-09,Lexi Luna,40
2025-04-09,Full Movies,41
2025-04-09,Lena Paul,42
2025-04-09,Penny Barber,43
2025-04-09,Kenzie Love,44
2025-04-09,Annie King,45
2025-04-09,Britney Amber,46
2025-04-09,Casey Calvert,47
2025-04-09,Dolly Dyson,48
2025-04-09,Dani Daniels,49
2025-04-09,Serenity Cox,50
2025-04-09,Nikita Bellucci,51
2025-04-09,Laure Zecchi,52
2025-04-09,Andi Rose,53
2025-04-09,Lexi Dona,54
2025-04-09,Angela White,55
2025-04-09,Jadilica - Leo Ahsoka,56
2025-04-09,Mia Malkova,57
2025-04-09,Lilith - Berta Lusty,58
2025-04-09,Layla Scarlet,59
2025-04-09,Amirah Adara,60
2025-04-09,Tiffany Leiddi,61
2025-04-09,Cherie Deville,62
2025-04-09,Paige Owens,63
2025-04-09,Hailey Rose,64
2025-04-09,Mia melano,65
2025-04-09,Freya Parker,66
2025-04-09,Emma Klein,67
2025-04-09,Addison Lee,68
2025-04-09,Cory Chase,69
2025-04-09,Marie Berger,70
2025-04-09,Angel YoungðŸ’‹,71
2025-04-09,CHARLIE FORDE,72
2025-04-09,Gal Ritchie,73
2025-04-09,Jeny Smith,74
2025-04-09,Eve Sweet,75
2025-04-09,Charlotte Stokely,76
2025-04-09,maitland ward,77
2025-04-09,Molly Little,78
2025-04-09,Sloan Harper,79
2025-04-09,Nephael,80
2025-04-09,Riley Reid,81
2025-04-09,Agatha Vega,82
2025-04-09,Ana B,83
2025-04-09,Savvy Suxx,84
2025-04-09,Theodora Day,85
2025-04-09,Eden Moore,86
2025-04-09,Aaliyah Love,87
2025-04-09,Ophelia Kaan,88
2025-04-09,Lullabyebye,89
2025-04-09,Chloe Duval,90
2025-04-09,Vanna Bardot,91
2025-04-09,Amelia Ost,92
2025-04-09,Olivia Sparkle,93
2025-04-09,Nicole Emma Vaunt,94
2025-04-09,Lily Lou,95
2025-04-09,Alexa Tomas,96
2025-04-09,Eden Ivy,97
2025-04-09,JULIALEXXX,98
2025-04-09,Charlie Red,99
2025-04-09,Veronica Weston,100
2025-04-09,Milan Cheek,101
2025-04-09,Julia Roca,102
2025-04-09,Calita Fire,103
2025-04-09,Spencer Bradley,104
2025-04-09,Kinuski,105
2025-04-09,Blake Blossom,106
2025-04-09,Nickey Huntsman,107
2025-04-09,Alina Lopez,108
2025-04-09,Whitney Wright,109
2025-04-09,Leya Desantis,110
2025-04-09,Chanel Preston,111
2025-04-09,Melody Mae,112
2025-04-09,Slimthick Vic,113
2025-04-09,Sata Jones,114
2025-04-09,Jeniffer Flex,115
2025-04-09,Katy Rose,116
2025-04-09,Nesty,117
2025-04-09,JILL KASSIDY,118
2025-04-09,LaSirena69,119
2025-04-09,Bella Rolland,120
2025-04-09,Stoya,121
2025-04-09,Valentina Nappi,122
2025-04-09,Kendra Lust,123
2025-04-09,Anissa Kate,124
2025-04-09,Daruma Rai,125
2025-04-09,Molly Quinn,126
2025-04-09,Whitney OC,127
2025-04-09,Jane Wilde,128
2025-04-09,KENDRA SUNDERLAND,129
2025-04-09,LIZ RAINBOW,130
2025-04-09,Eva Berger,131
2025-04-09,Jenna Sativa,132
2025-04-09,Sumiko,133
2025-04-09,Barbie Feels,134
2025-04-09,Kayden Kross,135
2025-04-09,Veronica Sanchez,136
2025-04-09,Lottie Magne,137
2025-04-09,Sharon White,138
2025-04-09,Lena Coxx,139
2025-04-09,Cassie Del Isla,140
2025-04-09,Vixi Rafi,141
2025-04-09,Carter Cruise,142
2025-04-09,Alice Nice,143
2025-04-09,Angelika Grays,144
2025-04-09,Lilly Bella,145
2025-04-09,Isabella Rose,146
2025-04-09,Stella Luxx,147
2025-04-09,Victoria Brennan,148
2025-04-09,Gypsy Rose,149
2025-04-09,Mary Rock,150
2025-04-09,Leanne Lace,151
2025-04-09,Clemence Audiard,152
2025-04-09,Casey Nohrman,153
2025-04-09,Mila Pie,154
2025-04-09,Alice Drake,155
2025-04-09,ðŸ—‚INDEX,156
2025-04-09,Thea Lun,157
2025-04-09,Reagan Foxx,158
2025-04-09,Keisha Grey,159
2025-04-09,Alice Klay,160
2025-04-09,Kimberly Kane,161
2025-04-09,Bobbi Starr,162
2025-04-09,Dee Vine,163
2025-04-09,Candee Licious,164
2025-04-09,Samantha Bentley,165
2025-04-09,Alexa Grace,166
2025-04-09,Venus Valencia,167
2025-04-09,Conny Carter,168
2025-04-09,Anny Swix,169
2025-04-09,Ovidie,170
2025-04-09,Alexis Deen,171
2025-04-09,Sandy Cheeks,172
2025-04-09,Layla London,173
2025-04-09,Paulina Soul,174
2025-04-09,Jade Nile,175
2025-04-09,Ally Breelsen,176
2025-04-09,Dolly Diore,177
2025-04-09,Krystal Sparks,178
2025-04-09,Ava Moore,179
2025-04-09,Gracie Gates,180
2025-04-09,Aften Opal,181
2025-04-09,Ambra Dolce,182
2025-04-09,Bree Daniels,183
2025-04-09,Alecia Fox,184
2025-04-09,Evelyn Claire,185
2025-04-09,Andrea Lapiedra,186
2025-04-09,Zlata Shine,187
2025-04-09,Eva Ray,188
2025-04-09,India Summer,189
2025-04-09,Lisa Belys,190
2025-04-09,Alrox,191
2025-04-09,River Lynn,192
2025-04-09,Emily Willis,193
2025-04-09,Sara Rich,194
2025-04-09,Ivy Ireland,195
2025-04-09,Joanna Angel,196
2025-04-09,Rose Carter,197
2025-04-09,Ivi Rein,198
2025-04-09,Sydney Paige,199
2025-04-09,Serena Sterling,200
2025-04-09,Kristina Grace,201
2025-04-09,Kaira Love,202
2025-04-09,Pristine Edge,203
2025-04-09,Talia Mint,204
2025-04-09,Alice Flore,205
2025-04-09,Nikki Zee,206
2025-04-09,Jesse Pony,207
2025-04-09,Fiona Frost,208
2025-04-09,Stella Sedona,209
2025-04-09,Sandrillon,210
2025-04-09,Melena Maria Rya,211
2025-04-09,Silvia Soprano,212
2025-04-09,Cherry Candle,213
2025-04-09,Miriam Sinn,214
2025-04-09,Melissa Stratton,215
2025-04-09,Sara Heat,216
2025-04-09,Zuzu Sweet,217
2025-04-09,Siri Dahl,218
2025-04-09,Sara Latina,219
2025-04-09,Clea Gaultier,220
2025-04-09,KRISSY LYNN,221
2025-04-09,Laura Bentley,222
2025-04-09,Graycee Baybee,223
2025-04-09,Stella Cox,224
2025-04-09,Dharma Jones,225
2025-04-09,April Olsen,226
2025-04-09,Kitty Lovedream,227
2025-04-09,Remy LaCroix,228
2025-04-09,Sophia Burns,229
2025-04-09,Julia Morozzi,230
2025-04-09,Isabella D,231
2025-04-09,Renee Rose,232
2025-04-09,Freya von Doom,233
2025-04-09,Helena Price,234
2025-04-09,Hazel Moore,235
2025-04-09,Anna Claire Clouds,236
2025-04-09,Violet Joly,237
2025-04-09,Lucky Bee,238
2025-04-09,Valeria Borghese,239
2025-04-09,Chrissy,240
2025-04-09,Lulu Love,241
2025-04-09,SAHARA SKYE,242
2025-04-09,Alika Alba,243
2025-04-09,Nina Nix,244
2025-04-09,Blue Wave,245
2025-04-09,Aurelly Rebel,246
2025-04-09,Claudia Bavel,247
2025-04-09,Rayveness,248
2025-04-09,Stella Bliss,249
2025-04-09,Christy Love,250
2025-04-09,RAVEN LANE,251
2025-04-09,Lindsey Lakes,252
2025-04-09,Mina Kali,253
2025-04-09,Serina Gomez,254
2025-04-09,Eliza Ibarra,255
2025-04-09,Cherry X,256
2025-04-09,Maddy Nelson,257
2025-04-09,Elsa Violet,258
2025-04-09,Lindsey Lakes,259
2025-04-09,HD,260
2025-04-09,Melissa sexy hippies,261
2025-04-09,PE,262
2025-04-09,PARADISEHILL.cc CHAT 18+,263
2025-04-09,zoebytheriver,264
2025-04-09,Naomi Wildman,265
2025-04-09,Juju la bretonne,266
2025-04-09,Rebel Rhyder,267
2025-04-09,Penny Flame,268
2025-04-09,Jessie and Jackson,269
2025-04-09,Stacy Bloom,270
2025-04-09,Ava Austen,271
2025-04-09,Sammyyy Stonerrr,272
2025-04-09,morgpie,273
2025-04-09,Mira Wair,274
2025-04-09,Public,275
2025-04-09,TUSHY,276
2025-04-09,Georgia Jones,277
2025-04-09,Lily Love,278
2025-04-09,Jillian Janson,279
2025-04-09,Anna De Ville,280
2025-04-09,Mya Lorenn,281
2025-04-09,annaplusone,282
2025-04-09,Nadia Foxx,283
2025-04-09,Merida Sat,284
2025-04-09,Madison Moores,285
2025-04-09,Chloe Temple,286
2025-04-09,Lindsay Lee,287
2025-04-09,Nika A,288
2025-04-09,Valkiria Lapiedra,289
2025-04-09,Juilie Robbie,290
2025-04-09,Catherine Knight,291
2025-04-09,Kallie Taylor,292
2025-04-09,Renata Foxx,293
2025-04-09,Riley Jacobs,294
2025-04-09,cristina plaza aa,295
2025-04-09,Cindy Shine,296
2025-04-09,Eva Cela,297
2025-04-09,Keira Love,298
2025-04-09,Alana Cruise,299
2025-04-09,Alice adorable,300
2025-04-09,Lauren Phillips,301
2025-04-09,Sophia Veller,302
2025-04-09,Chloe Heart,303
2025-04-09,Alex Coal,1
2025-04-09,Eva Lovia,2
2025-04-09,Katrina Colt,3
2025-04-09,Chanel Camryn,4
2025-04-09,Aidra Fox,5
2025-04-09,Jia Lissa,6
2025-04-09,Millie Morgan,7
2025-04-09,Abigail Mac,8
2025-04-09,Tori Black,9
2025-04-09,Kira Queen,10
2025-04-09,Antonia Sainz,11
2025-04-09,Jessica Ryan,12
2025-04-09,Alexis Crystal,13
2025-04-09,Sybil A,14
2025-04-09,Vintage,15
2025-04-09,Lady Lyne,16
2025-04-09,Octavia Red,17
2025-04-09,Josephine Jackson,18
2025-04-09,Anya Olsen,19
2025-04-09,Cadence Lux,20
2025-04-09,Aubree Valentine,21
2025-04-09,Little Caprice,22
2025-04-09,Ella Hughes,23
2025-04-09,Laney Grey,24
2025-04-09,Adriana Chechik,25
2025-04-09,Betzz,26
2025-04-09,Stacy Cruz,27
2025-04-09,Crystal Clark,28
2025-04-09,Brett Rossi,29
2025-04-09,REBECCA VOLPETTI,30
2025-04-09,Anita Rover,31
2025-04-09,Lily LaBeau,32
2025-04-09,Olive Glass,33
2025-04-09,Cassidy Klein,34
2025-04-09,Serenity Cox,35
2025-04-09,Cherry Kiss,36
2025-04-09,Katie Kush,37
2025-04-09,Sarah Vandella,38
2025-04-09,EMILY THORNE,39
2025-04-09,Helena Valle,40
2025-04-09,Full Movies,41
2025-04-09,Lexi Luna,42
2025-04-09,Penny Barber,43
2025-04-09,Laure Zecchi,44
2025-04-09,Britney Amber,45
2025-04-09,Lena Paul,46
2025-04-09,Kenzie Love,47
2025-04-09,Annie King,48
2025-04-09,CHARLIE FORDE,49
2025-04-09,Dolly Dyson,50
2025-04-09,Casey Calvert,51
2025-04-09,Dani Daniels,52
2025-04-09,Nikita Bellucci,53
2025-04-09,Angela White,54
2025-04-09,Andi Rose,55
2025-04-09,Lexi Dona,56
2025-04-09,Amirah Adara,57
2025-04-09,Jadilica - Leo Ahsoka,58
2025-04-09,Mia Malkova,59
2025-04-09,Lilith - Berta Lusty,60
2025-04-09,Layla Scarlet,61
2025-04-09,Tiffany Leiddi,62
2025-04-09,Cherie Deville,63
2025-04-09,Paige Owens,64
2025-04-09,Hailey Rose,65
2025-04-09,Mia melano,66
2025-04-09,Freya Parker,67
2025-04-09,Emma Klein,68
2025-04-09,Addison Lee,69
2025-04-09,Nephael,70
2025-04-09,Cory Chase,71
2025-04-09,Marie Berger,72
2025-04-09,Angel YoungðŸ’‹,73
2025-04-09,Gal Ritchie,74
2025-04-09,Nicole Emma Vaunt,75
2025-04-09,Jeny Smith,76
2025-04-09,Eve Sweet,77
2025-04-09,Charlotte Stokely,78
2025-04-09,maitland ward,79
2025-04-09,Molly Little,80
2025-04-09,Sloan Harper,81
2025-04-09,Riley Reid,82
2025-04-09,Agatha Vega,83
2025-04-09,Melissa sexy hippies,84
2025-04-09,Ana B,85
2025-04-09,Savvy Suxx,86
2025-04-09,Theodora Day,87
2025-04-09,Eden Moore,88
2025-04-09,Aaliyah Love,89
2025-04-09,Ophelia Kaan,90
2025-04-09,Lullabyebye,91
2025-04-09,Chloe Duval,92
2025-04-09,Vanna Bardot,93
2025-04-09,Amelia Ost,94
2025-04-09,Olivia Sparkle,95
2025-04-09,Lily Lou,96
2025-04-09,Alexa Tomas,97
2025-04-09,Eden Ivy,98
2025-04-09,JULIALEXXX,99
2025-04-09,Charlie Red,100
2025-04-09,Ava Moore,101
2025-04-09,Veronica Weston,102
2025-04-09,Sata Jones,103
2025-04-09,Milan Cheek,104
2025-04-09,Emma Ruby,105
2025-04-09,Julia Roca,106
2025-04-09,Spencer Bradley,107
2025-04-09,Calita Fire,108
2025-04-09,Kinuski,109
2025-04-09,Blake Blossom,110
2025-04-09,Nickey Huntsman,111
2025-04-09,Valentina Nappi,112
2025-04-09,Lena Coxx,113
2025-04-09,Alina Lopez,114
2025-04-09,Whitney Wright,115
2025-04-09,Leya Desantis,116
2025-04-09,Chanel Preston,117
2025-04-09,Melody Mae,118
2025-04-09,Slimthick Vic,119
2025-04-09,Katy Rose,120
2025-04-09,Jeniffer Flex,121
2025-04-09,Nesty,122
2025-04-09,JILL KASSIDY,123
2025-04-09,LaSirena69,124
2025-04-09,Bella Rolland,125
2025-04-09,Stoya,126
2025-04-09,Sandy Cheeks,127
2025-04-09,Kendra Lust,128
2025-04-09,Anissa Kate,129
2025-04-09,Daruma Rai,130
2025-04-09,Molly Quinn,131
2025-04-09,Whitney OC,132
2025-04-09,Jane Wilde,133
2025-04-09,KENDRA SUNDERLAND,134
2025-04-09,LIZ RAINBOW,135
2025-04-09,Eva Berger,136
2025-04-09,Jenna Sativa,137
2025-04-09,Sumiko,138
2025-04-09,Barbie Feels,139
2025-04-09,Kayden Kross,140
2025-04-09,Veronica Sanchez,141
2025-04-09,Lottie Magne,142
2025-04-09,Sharon White,143
2025-04-09,Cassie Del Isla,144
2025-04-09,Lola Bredly,145
2025-04-09,Carter Cruise,146
2025-04-09,Alice Nice,147
2025-04-09,Vixi Rafi,148
2025-04-09,Liz Jordan,149
2025-04-09,annaplusone,150
2025-04-09,Angelika Grays,151
2025-04-09,Lilly Bella,152
2025-04-09,Isabella Rose,153
2025-04-09,Stella Luxx,154
2025-04-09,Victoria Brennan,155
2025-04-09,Gypsy Rose,156
2025-04-09,Mary Rock,157
2025-04-09,Leanne Lace,158
2025-04-09,Clemence Audiard,159
2025-04-09,Casey Nohrman,160
2025-04-09,Mila Pie,161
2025-04-09,Alice Drake,162
2025-04-09,ðŸ—‚INDEX,163
2025-04-09,Thea Lun,164
2025-04-09,Reagan Foxx,165
2025-04-09,Keisha Grey,166
2025-04-09,Alice Klay,167
2025-04-09,Kimberly Kane,168
2025-04-09,Bobbi Starr,169
2025-04-09,Dee Vine,170
2025-04-09,Candee Licious,171
2025-04-09,Samantha Bentley,172
2025-04-09,Alexa Grace,173
2025-04-09,Venus Valencia,174
2025-04-09,Conny Carter,175
2025-04-09,Anny Swix,176
2025-04-09,Ovidie,177
2025-04-09,Alexis Deen,178
2025-04-09,Layla London,179
2025-04-09,Paulina Soul,180
2025-04-09,Jade Nile,181
2025-04-09,Ally Breelsen,182
2025-04-09,Dolly Diore,183
2025-04-09,Krystal Sparks,184
2025-04-09,Gracie Gates,185
2025-04-09,Aften Opal,186
2025-04-09,Ambra Dolce,187
2025-04-09,Alecia Fox,188
2025-04-09,Bree Daniels,189
2025-04-09,Evelyn Claire,190
2025-04-09,Andrea Lapiedra,191
2025-04-09,India Summer,192
2025-04-09,Zlata Shine,193
2025-04-09,Eva Ray,194
2025-04-09,Lisa Belys,195
2025-04-09,zoebytheriver,196
2025-04-09,Alrox,197
2025-04-09,Jade Valentine,198
2025-04-09,River Lynn,199
2025-04-09,Emily Willis,200
2025-04-09,Sara Rich,201
2025-04-09,Ivy Ireland,202
2025-04-09,Joanna Angel,203
2025-04-09,Rose Carter,204
2025-04-09,Ivi Rein,205
2025-04-09,Sydney Paige,206
2025-04-09,Serena Sterling,207
2025-04-09,Kristina Grace,208
2025-04-09,Kaira Love,209
2025-04-09,Pristine Edge,210
2025-04-09,Talia Mint,211
2025-04-09,Alice Flore,212
2025-04-09,Nikki Zee,213
2025-04-09,Jesse Pony,214
2025-04-09,Fiona Frost,215
2025-04-09,Stella Sedona,216
2025-04-09,Sandrillon,217
2025-04-09,Melena Maria Rya,218
2025-04-09,Cherry Candle,219
2025-04-09,Silvia Soprano,220
2025-04-09,Miriam Sinn,221
2025-04-09,Melissa Stratton,222
2025-04-09,Sara Heat,223
2025-04-09,Zuzu Sweet,224
2025-04-09,Siri Dahl,225
2025-04-09,Clea Gaultier,226
2025-04-09,Sara Latina,227
2025-04-09,KRISSY LYNN,228
2025-04-09,Laura Bentley,229
2025-04-09,Graycee Baybee,230
2025-04-09,Stella Cox,231
2025-04-09,Dharma Jones,232
2025-04-09,April Olsen,233
2025-04-09,Kitty Lovedream,234
2025-04-09,Remy LaCroix,235
2025-04-09,Sophia Burns,236
2025-04-09,Julia Morozzi,237
2025-04-09,Isabella D,238
2025-04-09,Renee Rose,239
2025-04-09,Freya von Doom,240
2025-04-09,Helena Price,241
2025-04-09,Hazel Moore,242
2025-04-09,Violet Joly,243
2025-04-09,Anna Claire Clouds,244
2025-04-09,Lucky Bee,245
2025-04-09,Valeria Borghese,246
2025-04-09,Chrissy,247
2025-04-09,Lulu Love,248
2025-04-09,SAHARA SKYE,249
2025-04-09,Alika Alba,250
2025-04-09,Nina Nix,251
2025-04-09,Blue Wave,252
2025-04-09,Claudia Bavel,253
2025-04-09,Rayveness,254
2025-04-09,Stella Bliss,255
2025-04-09,Christy Love,256
2025-04-09,RAVEN LANE,257
2025-04-09,Aurelly Rebel,258
2025-04-09,Lindsey Lakes,259
2025-04-09,Mina Kali,260
2025-04-09,Serina Gomez,261
2025-04-09,Eliza Ibarra,262
2025-04-09,Cherry X,263
2025-04-09,Elsa Violet,264
2025-04-09,Lindsey Lakes,265
2025-04-09,Maddy Nelson,266
2025-04-09,HD,267
2025-04-09,PE,268
2025-04-09,PARADISEHILL.cc CHAT 18+,269
2025-04-09,Naomi Wildman,270
2025-04-09,Juju la bretonne,271
2025-04-09,Penny Flame,272
2025-04-09,Rebel Rhyder,273
2025-04-09,Jessie and Jackson,274
2025-04-09,Stacy Bloom,275
2025-04-09,Ava Austen,276
2025-04-09,Sammyyy Stonerrr,277
2025-04-09,morgpie,278
2025-04-09,Mira Wair,279
2025-04-09,Public,280
2025-04-09,TUSHY,281
2025-04-09,Georgia Jones,282
2025-04-09,Lily Love,283
2025-04-09,Jillian Janson,284
2025-04-09,Anna De Ville,285
2025-04-09,Mya Lorenn,286
2025-04-09,Nadia Foxx,287
2025-04-09,Merida Sat,288
2025-04-09,Chloe Temple,289
2025-04-09,Madison Moores,290
2025-04-09,Lindsay Lee,291
2025-04-09,Nika A,292
2025-04-09,Valkiria Lapiedra,293
2025-04-09,Juilie Robbie,294
2025-04-09,Catherine Knight,295
2025-04-09,Kallie Taylor,296
2025-04-09,Renata Foxx,297
2025-04-09,Riley Jacobs,298
2025-04-09,cristina plaza aa,299
2025-04-09,Cindy Shine,300
2025-04-09,Eva Cela,301
2025-04-09,Keira Love,302
2025-04-09,Alana Cruise,303
2025-04-09,Alice adorable,304
2025-04-09,Lauren Phillips,305
2025-04-09,Sophia Veller,306
2025-04-09,Chloe Heart,307
2025-04-09,Alex Coal,1
2025-04-09,Eva Lovia,2
2025-04-09,Katrina Colt,3
2025-04-09,Chanel Camryn,4
2025-04-09,Aidra Fox,5
2025-04-09,Jia Lissa,6
2025-04-09,Millie Morgan,7
2025-04-09,Abigail Mac,8
2025-04-09,Tori Black,9
2025-04-09,Kira Queen,10
2025-04-09,Antonia Sainz,11
2025-04-09,Jessica Ryan,12
2025-04-09,Alexis Crystal,13
2025-04-09,Sybil A,14
2025-04-09,Vintage,15
2025-04-09,Lady Lyne,16
2025-04-09,Octavia Red,17
2025-04-09,Josephine Jackson,18
2025-04-09,Anya Olsen,19
2025-04-09,Cadence Lux,20
2025-04-09,Aubree Valentine,21
2025-04-09,Little Caprice,22
2025-04-09,Ella Hughes,23
2025-04-09,Laney Grey,24
2025-04-09,Adriana Chechik,25
2025-04-09,Betzz,26
2025-04-09,Stacy Cruz,27
2025-04-09,Crystal Clark,28
2025-04-09,Brett Rossi,29
2025-04-09,REBECCA VOLPETTI,30
2025-04-09,Anita Rover,31
2025-04-09,Lily LaBeau,32
2025-04-09,Olive Glass,33
2025-04-09,Cassidy Klein,34
2025-04-09,Serenity Cox,35
2025-04-09,Cherry Kiss,36
2025-04-09,Katie Kush,37
2025-04-09,Sarah Vandella,38
2025-04-09,EMILY THORNE,39
2025-04-09,Helena Valle,40
2025-04-09,Full Movies,41
2025-04-09,Lexi Luna,42
2025-04-09,Penny Barber,43
2025-04-09,Laure Zecchi,44
2025-04-09,Britney Amber,45
2025-04-09,Lena Paul,46
2025-04-09,Kenzie Love,47
2025-04-09,Annie King,48
2025-04-09,CHARLIE FORDE,49
2025-04-09,Dolly Dyson,50
2025-04-09,Casey Calvert,51
2025-04-09,Dani Daniels,52
2025-04-09,Nikita Bellucci,53
2025-04-09,Angela White,54
2025-04-09,Andi Rose,55
2025-04-09,Lexi Dona,56
2025-04-09,Amirah Adara,57
2025-04-09,Jadilica - Leo Ahsoka,58
2025-04-09,Mia Malkova,59
2025-04-09,Lilith - Berta Lusty,60
2025-04-09,Layla Scarlet,61
2025-04-09,Tiffany Leiddi,62
2025-04-09,Cherie Deville,63
2025-04-09,Paige Owens,64
2025-04-09,Hailey Rose,65
2025-04-09,Mia melano,66
2025-04-09,Freya Parker,67
2025-04-09,Emma Klein,68
2025-04-09,Addison Lee,69
2025-04-09,Nephael,70
2025-04-09,Cory Chase,71
2025-04-09,Marie Berger,72
2025-04-09,Angel YoungðŸ’‹,73
2025-04-09,Gal Ritchie,74
2025-04-09,Nicole Emma Vaunt,75
2025-04-09,Jeny Smith,76
2025-04-09,Eve Sweet,77
2025-04-09,Charlotte Stokely,78
2025-04-09,maitland ward,79
2025-04-09,Molly Little,80
2025-04-09,Sloan Harper,81
2025-04-09,Riley Reid,82
2025-04-09,Agatha Vega,83
2025-04-09,Melissa sexy hippies,84
2025-04-09,Ana B,85
2025-04-09,Savvy Suxx,86
2025-04-09,Theodora Day,87
2025-04-09,Eden Moore,88
2025-04-09,Aaliyah Love,89
2025-04-09,Ophelia Kaan,90
2025-04-09,Lullabyebye,91
2025-04-09,Chloe Duval,92
2025-04-09,Vanna Bardot,93
2025-04-09,Amelia Ost,94
2025-04-09,Olivia Sparkle,95
2025-04-09,Lily Lou,96
2025-04-09,Alexa Tomas,97
2025-04-09,Eden Ivy,98
2025-04-09,JULIALEXXX,99
2025-04-09,Charlie Red,100
2025-04-09,Ava Moore,101
2025-04-09,Veronica Weston,102
2025-04-09,Sata Jones,103
2025-04-09,Milan Cheek,104
2025-04-09,Emma Ruby,105
2025-04-09,Julia Roca,106
2025-04-09,Calita Fire,107
2025-04-09,Spencer Bradley,108
2025-04-09,Kinuski,109
2025-04-09,Blake Blossom,110
2025-04-09,Nickey Huntsman,111
2025-04-09,Valentina Nappi,112
2025-04-09,Lena Coxx,113
2025-04-09,Alina Lopez,114
2025-04-09,Whitney Wright,115
2025-04-09,Leya Desantis,116
2025-04-09,Chanel Preston,117
2025-04-09,Melody Mae,118
2025-04-09,Slimthick Vic,119
2025-04-09,Katy Rose,120
2025-04-09,Jeniffer Flex,121
2025-04-09,Nesty,122
2025-04-09,JILL KASSIDY,123
2025-04-09,LaSirena69,124
2025-04-09,Bella Rolland,125
2025-04-09,Stoya,126
2025-04-09,Sandy Cheeks,127
2025-04-09,Kendra Lust,128
2025-04-09,Anissa Kate,129
2025-04-09,Daruma Rai,130
2025-04-09,Molly Quinn,131
2025-04-09,Whitney OC,132
2025-04-09,Jane Wilde,133
2025-04-09,KENDRA SUNDERLAND,134
2025-04-09,LIZ RAINBOW,135
2025-04-09,Eva Berger,136
2025-04-09,Jenna Sativa,137
2025-04-09,Sumiko,138
2025-04-09,Barbie Feels,139
2025-04-09,Kayden Kross,140
2025-04-09,Veronica Sanchez,141
2025-04-09,Lottie Magne,142
2025-04-09,Sharon White,143
2025-04-09,Cassie Del Isla,144
2025-04-09,Lola Bredly,145
2025-04-09,Carter Cruise,146
2025-04-09,Alice Nice,147
2025-04-09,Vixi Rafi,148
2025-04-09,Liz Jordan,149
2025-04-09,annaplusone,150
2025-04-09,Angelika Grays,151
2025-04-09,Lilly Bella,152
2025-04-09,Isabella Rose,153
2025-04-09,Stella Luxx,154
2025-04-09,Victoria Brennan,155
2025-04-09,Gypsy Rose,156
2025-04-09,Mary Rock,157
2025-04-09,Leanne Lace,158
2025-04-09,Clemence Audiard,159
2025-04-09,Casey Nohrman,160
2025-04-09,Mila Pie,161
2025-04-09,Alice Drake,162
2025-04-09,ðŸ—‚INDEX,163
2025-04-09,Thea Lun,164
2025-04-09,Reagan Foxx,165
2025-04-09,Keisha Grey,166
2025-04-09,Alice Klay,167
2025-04-09,Kimberly Kane,168
2025-04-09,Bobbi Starr,169
2025-04-09,Dee Vine,170
2025-04-09,Candee Licious,171
2025-04-09,Samantha Bentley,172
2025-04-09,Alexa Grace,173
2025-04-09,Venus Valencia,174
2025-04-09,Conny Carter,175
2025-04-09,Anny Swix,176
2025-04-09,Ovidie,177
2025-04-09,Alexis Deen,178
2025-04-09,Layla London,179
2025-04-09,Paulina Soul,180
2025-04-09,Jade Nile,181
2025-04-09,Ally Breelsen,182
2025-04-09,Dolly Diore,183
2025-04-09,Krystal Sparks,184
2025-04-09,Gracie Gates,185
2025-04-09,Aften Opal,186
2025-04-09,Ambra Dolce,187
2025-04-09,Alecia Fox,188
2025-04-09,Bree Daniels,189
2025-04-09,Evelyn Claire,190
2025-04-09,Andrea Lapiedra,191
2025-04-09,India Summer,192
2025-04-09,Zlata Shine,193
2025-04-09,Eva Ray,194
2025-04-09,Lisa Belys,195
2025-04-09,zoebytheriver,196
2025-04-09,Alrox,197
2025-04-09,River Lynn,198
2025-04-09,Jade Valentine,199
2025-04-09,Emily Willis,200
2025-04-09,Sara Rich,201
2025-04-09,Ivy Ireland,202
2025-04-09,Joanna Angel,203
2025-04-09,Rose Carter,204
2025-04-09,Ivi Rein,205
2025-04-09,Sydney Paige,206
2025-04-09,Serena Sterling,207
2025-04-09,Kristina Grace,208
2025-04-09,Kaira Love,209
2025-04-09,Pristine Edge,210
2025-04-09,Talia Mint,211
2025-04-09,Alice Flore,212
2025-04-09,Nikki Zee,213
2025-04-09,Jesse Pony,214
2025-04-09,Fiona Frost,215
2025-04-09,Stella Sedona,216
2025-04-09,Sandrillon,217
2025-04-09,Melena Maria Rya,218
2025-04-09,Cherry Candle,219
2025-04-09,Silvia Soprano,220
2025-04-09,Miriam Sinn,221
2025-04-09,Melissa Stratton,222
2025-04-09,Sara Heat,223
2025-04-09,Zuzu Sweet,224
2025-04-09,Siri Dahl,225
2025-04-09,Clea Gaultier,226
2025-04-09,Sara Latina,227
2025-04-09,KRISSY LYNN,228
2025-04-09,Laura Bentley,229
2025-04-09,Graycee Baybee,230
2025-04-09,Stella Cox,231
2025-04-09,Dharma Jones,232
2025-04-09,April Olsen,233
2025-04-09,Kitty Lovedream,234
2025-04-09,Remy LaCroix,235
2025-04-09,Sophia Burns,236
2025-04-09,Julia Morozzi,237
2025-04-09,Isabella D,238
2025-04-09,Renee Rose,239
2025-04-09,Freya von Doom,240
2025-04-09,Helena Price,241
2025-04-09,Hazel Moore,242
2025-04-09,Violet Joly,243
2025-04-09,Anna Claire Clouds,244
2025-04-09,Lucky Bee,245
2025-04-09,Valeria Borghese,246
2025-04-09,Chrissy,247
2025-04-09,Lulu Love,248
2025-04-09,SAHARA SKYE,249
2025-04-09,Alika Alba,250
2025-04-09,Nina Nix,251
2025-04-09,Blue Wave,252
2025-04-09,Claudia Bavel,253
2025-04-09,Rayveness,254
2025-04-09,Stella Bliss,255
2025-04-09,Christy Love,256
2025-04-09,RAVEN LANE,257
2025-04-09,Aurelly Rebel,258
2025-04-09,Lindsey Lakes,259
2025-04-09,Mina Kali,260
2025-04-09,Serina Gomez,261
2025-04-09,Eliza Ibarra,262
2025-04-09,Cherry X,263
2025-04-09,Elsa Violet,264
2025-04-09,Lindsey Lakes,265
2025-04-09,Maddy Nelson,266
2025-04-09,HD,267
2025-04-09,PE,268
2025-04-09,PARADISEHILL.cc CHAT 18+,269
2025-04-09,Naomi Wildman,270
2025-04-09,Juju la bretonne,271
2025-04-09,Penny Flame,272
2025-04-09,Rebel Rhyder,273
2025-04-09,Jessie and Jackson,274
2025-04-09,Stacy Bloom,275
2025-04-09,Ava Austen,276
2025-04-09,Sammyyy Stonerrr,277
2025-04-09,morgpie,278
2025-04-09,Mira Wair,279
2025-04-09,Public,280
2025-04-09,TUSHY,281
2025-04-09,Georgia Jones,282
2025-04-09,Lily Love,283
2025-04-09,Jillian Janson,284
2025-04-09,Anna De Ville,285
2025-04-09,Mya Lorenn,286
2025-04-09,Nadia Foxx,287
2025-04-09,Merida Sat,288
2025-04-09,Chloe Temple,289
2025-04-09,Madison Moores,290
2025-04-09,Lindsay Lee,291
2025-04-09,Nika A,292
2025-04-09,Valkiria Lapiedra,293
2025-04-09,Juilie Robbie,294
2025-04-09,Catherine Knight,295
2025-04-09,Kallie Taylor,296
2025-04-09,Renata Foxx,297
2025-04-09,Riley Jacobs,298
2025-04-09,cristina plaza aa,299
2025-04-09,Cindy Shine,300
2025-04-09,Eva Cela,301
2025-04-09,Keira Love,302
2025-04-09,Alana Cruise,303
2025-04-09,Alice adorable,304
2025-04-09,Lauren Phillips,305
2025-04-09,Sophia Veller,306
2025-04-09,Chloe Heart,307
